Retention Rate (2021-2022),Average Purchase Frequency,AOV,Total Revenue
0.25137634146628995,1.7752459425151872,4381.1896880088125,4117446449.9803696
